日期,访问量,评论数,收藏数,粉丝数
2020年05月12日,1636,0,1,7
2020年05月13日,1575,0,4,13
2020年05月14日,1642,0,4,5
2020年05月15日,1289,0,3,4
2020年05月16日,901,2,3,4
2020年05月17日,1100,1,0,0
2020年05月18日,1515,6,0,5
2020年05月19日,2045,0,0,4
2020年05月20日,2382,1,5,4
2020年05月21日,2212,0,4,6
2020年05月22日,1866,0,1,6
2020年05月23日,1825,0,1,3
2020年05月24日,1140,0,1,3
2020年05月25日,2426,3,2,6
2020年05月26日,1935,2,4,10
2020年05月27日,1790,0,11,7
2020年05月28日,1986,0,3,11
2020年05月29日,1649,2,3,5
2020年05月30日,1082,2,3,3
2020年05月31日,1000,0,0,0
2020年06月01日,1931,0,7,6
2020年06月02日,1614,0,1,4
2020年06月03日,1722,0,3,5
2020年06月04日,1897,0,2,4
2020年06月05日,1899,1,4,3
2020年06月06日,1258,0,1,1
2020年06月07日,872,0,2,1
2020年06月08日,1553,7,2,5
2020年06月09日,1680,2,1,5
